Music, Wine
None, French
French, French
French, Italian
Italian, Other
Italian, French
Italian, Other
None, French
None, Other
None, French
None, Italian
French, French
French, Other
French, French
None, French
None, Other
Italian, French
None, Italian
French, French
None, French
French, Other
None, Italian
None, French
None, Other
French, French
None, Italian
French, Other
French, French
None, Other
Italian, French
Italian, Italian
Italian, Other
French, Other
None, French
None, Other
None, Italian
None, French
Italian, French
Italian, Italian
None, Other
French, French
French, Other
None, French
None, Italian
None, Italian
None, Other
Italian, French
French, Other
None, French
Italian, French
None, Other
Italian, Italian
None, Italian
Italian, Other
None, French
Italian, Other
French, Other
Italian, French
Italian, Italian
None, Other
None, French
Italian, Italian
Italian, Other
None, Italian
French, Other
Italian, French
None, French
French, French
Italian, Other
Italian, Italian
Italian, French
None, Other
None, French
French, Other
Italian, French
Italian, Other
Italian, Italian
None, Italian
None, French
French, Other
Italian, French
Italian, Other
Italian, Italian
None, Other
None, French
Italian, French
Italian, Other
Italian, Italian
French, French
French, Other
None, Other
Italian, French
None, French
Italian, Other
Italian, Italian
None, Other
Italian, French
None, Italian
French, Other
None, French
Italian, French
None, Other
Italian, Italian
Italian, Other
French, Other
None, French
French, French
Italian, French
None, French
Italian, Italian
None, Other
Italian, French
Italian, Other
French, Other
None, French
French, French
Italian, French
None, Other
Italian, Italian
French, Other
Italian, Other
Italian, Italian
Italian, French
None, French
French, French
Italian, Other
None, Other
Italian, Italian
French, Other
None, French
Italian, French
None, Other
Italian, Other
French, French
French, Other
Italian, Other
None, Other
Italian, French
None, French
Italian, Italian
French, Other
Italian, French
None, Other
Italian, Other
None, French
French, French
Italian, French
Italian, Italian
None, Other
Italian, Other
Italian, French
French, Other
Italian, Other
None, French
French, French
Italian, Italian
Italian, French
French, Other
None, French
Italian, Other
None, Other
Italian, Other
Italian, French
French, French
French, Other
Italian, Italian
French, French
None, French
None, Other
Italian, Other
French, Other
Italian, Other
French, French
None, French
None, Other
Italian, Other
French, Other
Italian, Other
French, French
French, Other
Italian, Other
French, French
None, French
Italian, Other
French, French
None, Other
Italian, French
Italian, Other
French, Other
None, Other
French, French
Italian, French
None, Other
French, French
French, Other
Italian, Other
French, French
None, Other
Italian, French
French, French
None, Other
Italian, Other
French, French
French, Other
None, Other
Italian, Other
None, Other
Italian, French
French, French
French, Other
None, Other
Italian, Other
None, Other
Italian, Other
French, French
French, Other
None, Other
French, French
Italian, Other
None, Other
French, French
French, Other
None, Other
French, French
French, Other
None, Other
French, French
None, Other
None, Other
French, French
French, Other
None, Other
French, French
French, Other
None, Other
French, French
None, Other
French, Other
French, French
None, Other
French, French
French, French
French, French
French, Other
